INSERT INTO category (id, name, unit_preference, description, images) VALUES ('1', 'Fruits', 'KG', 'Fruits are good for health', ARRAY['https://i.ibb.co/Ksfwpms/bear-high-five.png']);
INSERT INTO category (id, name, unit_preference, description, images) VALUES ('2', 'Vegetables', 'KG', 'Vegetables are good for health', ARRAY['https://i.ibb.co/pz2dWyC/cat-high-five.jpg']);
INSERT INTO category (id, name, unit_preference, description, images) VALUES ('3', 'Dairy', 'BOXES', 'Dairy products are good for health', ARRAY['https://i.ibb.co/Z8YdR2N/lizard-high-five.png']);
INSERT INTO category (id, name, unit_preference, description, images) VALUES ('4', 'Bakery', 'PCS', 'Bakery products are good for health', ARRAY['https://i.ibb.co/WFLHKHm/eagle-high-five.png']);
INSERT INTO category (id, name, unit_preference, description, images) VALUES ('5', 'Meat', 'KG', 'Meat products are good for health', ARRAY['https://i.ibb.co/VTMfYzP/crab-high-five.png']);
INSERT INTO category (id, name, unit_preference, description, images) VALUES ('6', 'Seafood', 'KG', 'Seafood products are good for health', ARRAY['https://i.ibb.co/y6k9K57/fish-high-five.png']);
INSERT INTO category (id, name, unit_preference, description, images) VALUES ('7', 'Poultry', 'KG', 'Poultry products are good for health', ARRAY['https://i.ibb.co/gP4LDPn/elephant-high-five.png','https://i.ibb.co/1Rzxj4B/mechanical-high-five.jpg']);
INSERT INTO category (id, name, unit_preference, description, images) VALUES ('8', 'Beverages', 'BOXES', 'Beverages are good for health', ARRAY['https://i.ibb.co/v38Zyks/robot-high-five.jpg','https://i.ibb.co/4Yr7z0J/cosmic-high-five.jpg']);

INSERT INTO product (id, code, name, weight, length, width, height, images, description, unit_preference) VALUES ('1', 'P001', 'Apple', '1', '10', '10', '10', ARRAY['https://i.ibb.co/pz2dWyC/cat-high-five.jpg'], 'Apple is good for health', 'KG');
INSERT INTO product (id, code, name, weight, length, width, height, images, description, unit_preference) VALUES ('2', 'P002', 'Banana', '1', '10', '10', '10', ARRAY['https://i.ibb.co/pz2dWyC/cat-high-five.jpg'], 'Banana is good for health', 'KG');
INSERT INTO product (id, code, name, weight, length, width, height, images, description, unit_preference) VALUES ('3', 'P003', 'Orange', '1', '10', '10', '10', ARRAY['https://i.ibb.co/pz2dWyC/cat-high-five.jpg'], 'Orange is good for health', 'KG');
INSERT INTO product (id, code, name, weight, length, width, height, images, description, unit_preference) VALUES ('4', 'P004', 'Mango', '1', '10', '10', '10', ARRAY['https://i.ibb.co/pz2dWyC/cat-high-five.jpg'], 'Mango is good for health', 'KG');
INSERT INTO product (id, code, name, weight, length, width, height, images, description, unit_preference) VALUES ('5', 'P005', 'Pineapple', '1', '10', '10', '10', ARRAY['https://i.ibb.co/pz2dWyC/cat-high-five.jpg'], 'Pineapple is good for health', 'KG');
INSERT INTO product (id, code, name, weight, length, width, height, images, description, unit_preference) VALUES ('6', 'P006', 'Grapes', '1', '10', '10', '10', ARRAY['https://i.ibb.co/pz2dWyC/cat-high-five.jpg'], 'Grapes is good for health', 'KG');
INSERT INTO product (id, code, name, weight, length, width, height, images, description, unit_preference) VALUES ('7', 'P007', 'Strawberry', '1', '10', '10', '10', ARRAY['https://i.ibb.co/pz2dWyC/cat-high-five.jpg'], 'Strawberry is good for health', 'KG');
INSERT INTO product (id, code, name, weight, length, width, height, images, description, unit_preference) VALUES ('8', 'P008', 'Watermelon', '1', '10', '10', '10', ARRAY['https://i.ibb.co/pz2dWyC/cat-high-five.jpg'], 'Watermelon is good for health', 'KG');
INSERT INTO product (id, code, name, weight, length, width, height, images, description, unit_preference) VALUES ('9', 'P009', 'Cucumber', '1', '10', '10', '10', ARRAY['https://i.ibb.co/pz2dWyC/cat-high-five.jpg'], 'Cucumber is good for health', 'KG');
INSERT INTO product (id, code, name, weight, length, width, height, images, description, unit_preference) VALUES ('10', 'P010', 'Tomato', '1', '10', '10', '10', ARRAY['https://i.ibb.co/pz2dWyC/cat-high-five.jpg'], 'Tomato is good for health', 'KG');
INSERT INTO product (id, code, name, weight, length, width, height, images, description, unit_preference) VALUES ('11', 'P011', 'Potato', '1', '10', '10', '10', ARRAY['https://i.ibb.co/pz2dWyC/cat-high-five.jpg'], 'Potato is good for health', 'KG');
INSERT INTO product (id, code, name, weight, length, width, height, images, description, unit_preference) VALUES ('12', 'P012', 'Onion', '1', '10', '10', '10', ARRAY['https://i.ibb.co/pz2dWyC/cat-high-five.jpg'], 'Onion is good for health', 'KG');
INSERT INTO product (id, code, name, weight, length, width, height, images, description, unit_preference) VALUES ('13', 'P013', 'Garlic', '1', '10', '10', '10', ARRAY['https://i.ibb.co/pz2dWyC/cat-high-five.jpg'], 'Garlic is good for health', 'KG');
INSERT INTO product (id, code, name, weight, length, width, height, images, description, unit_preference) VALUES ('14', 'P014', 'Bread', '1', '10', '10', '10', ARRAY['https://i.ibb.co/pz2dWyC/cat-high-five.jpg'], 'Bread is good for health', 'PCS');
INSERT INTO product (id, code, name, weight, length, width, height, images, description, unit_preference) VALUES ('15', 'P015', 'Cake', '1', '10', '10', '10', ARRAY['https://i.ibb.co/pz2dWyC/cat-high-five.jpg'], 'Cake is good for health', 'PCS');
INSERT INTO product (id, code, name, weight, length, width, height, images, description, unit_preference) VALUES ('16', 'P016', 'Milk', '1', '10', '10', '10', ARRAY['https://i.ibb.co/pz2dWyC/cat-high-five.jpg'], 'Milk is good for health', 'BOXES');
INSERT INTO product (id, code, name, weight, length, width, height, images, description, unit_preference) VALUES ('17', 'P017', 'Cheese', '1', '10', '10', '10', ARRAY['https://i.ibb.co/pz2dWyC/cat-high-five.jpg'], 'Cheese is good for health', 'BOXES');
INSERT INTO product (id, code, name, weight, length, width, height, images, description, unit_preference) VALUES ('18', 'P018', 'Butter', '1', '10', '10', '10', ARRAY['https://i.ibb.co/pz2dWyC/cat-high-five.jpg'], 'Butter is good for health', 'BOXES');
INSERT INTO product (id, code, name, weight, length, width, height, images, description, unit_preference) VALUES ('19', 'P019', 'Biscuit', '1', '10', '10', '10', ARRAY['https://i.ibb.co/pz2dWyC/cat-high-five.jpg'], 'Biscuit is good for health', 'PCS');
INSERT INTO product (id, code, name, weight, length, width, height, images, description, unit_preference) VALUES ('20', 'P020', 'Chocolate', '1', '10', '10', '10', ARRAY['https://i.ibb.co/pz2dWyC/cat-high-five.jpg'], 'Chocolate is good for health', 'PCS');
INSERT INTO product (id, code, name, weight, length, width, height, images, description, unit_preference) VALUES ('21', 'P021', 'Chicken', '1', '10', '10', '10', ARRAY['https://i.ibb.co/pz2dWyC/cat-high-five.jpg'], 'Chicken is good for health', 'KG');
INSERT INTO product (id, code, name, weight, length, width, height, images, description, unit_preference) VALUES ('22', 'P022', 'Fish', '1', '10', '10', '10', ARRAY['https://i.ibb.co/pz2dWyC/cat-high-five.jpg'], 'Fish is good for health', 'KG');
INSERT INTO product (id, code, name, weight, length, width, height, images, description, unit_preference) VALUES ('23', 'P023', 'Prawn', '1', '10', '10', '10', ARRAY['https://i.ibb.co/pz2dWyC/cat-high-five.jpg'], 'Prawn is good for health', 'KG');
INSERT INTO product (id, code, name, weight, length, width, height, images, description, unit_preference) VALUES ('24', 'P024', 'Crab', '1', '10', '10', '10', ARRAY['https://i.ibb.co/pz2dWyC/cat-high-five.jpg'], 'Crab is good for health', 'KG');
INSERT INTO product (id, code, name, weight, length, width, height, images, description, unit_preference) VALUES ('25', 'P025', 'Lobster', '1', '10', '10', '10', ARRAY['https://i.ibb.co/pz2dWyC/cat-high-five.jpg'], 'Lobster is good for health', 'KG');
INSERT INTO product (id, code, name, weight, length, width, height, images, description, unit_preference) VALUES ('26', 'P026', 'Beef', '1', '10', '10', '10', ARRAY['https://i.ibb.co/pz2dWyC/cat-high-five.jpg'], 'Beef is good for health', 'KG');
INSERT INTO product (id, code, name, weight, length, width, height, images, description, unit_preference) VALUES ('27', 'P027', 'Pork. ', '1', '10', '10', '10', ARRAY['https://i.ibb.co/pz2dWyC/cat-high-five.jpg'], 'Pork is good for health', 'KG');
INSERT INTO product (id, code, name, weight, length, width, height, images, description, unit_preference) VALUES ('28', 'P028', 'Turkey', '1', '10', '10', '10', ARRAY['https://i.ibb.co/pz2dWyC/cat-high-five.jpg'], 'Turkey is good for health', 'KG');
INSERT INTO product (id, code, name, weight, length, width, height, images, description, unit_preference) VALUES ('29', 'P029', 'Duck', '1', '10', '10', '10', ARRAY['https://i.ibb.co/pz2dWyC/cat-high-five.jpg'], 'Duck is good for health', 'KG');
INSERT INTO product (id, code, name, weight, length, width, height, images, description, unit_preference) VALUES ('30', 'P030', 'Goose', '1', '10', '10', '10', ARRAY['https://i.ibb.co/pz2dWyC/cat-high-five.jpg'], 'Goose is good for health', 'KG');
INSERT INTO product (id, code, name, weight, length, width, height, images, description, unit_preference) VALUES ('31', 'P031', 'Beer', '1', '10', '10', '10', ARRAY['https://i.ibb.co/pz2dWyC/cat-high-five.jpg'], 'Beer is good for health', 'BOXES');
INSERT INTO product (id, code, name, weight, length, width, height, images, description, unit_preference) VALUES ('32', 'P032', 'Wine', '1', '10', '10', '10', ARRAY['https://i.ibb.co/pz2dWyC/cat-high-five.jpg'], 'Wine is good for health', 'BOXES');
INSERT INTO product (id, code, name, weight, length, width, height, images, description, unit_preference) VALUES ('33', 'P033', 'Whiskey', '1', '10', '10', '10', ARRAY['https://i.ibb.co/pz2dWyC/cat-high-five.jpg'], 'Whiskey is good for health', 'BOXES');
INSERT INTO product (id, code, name, weight, length, width, height, images, description, unit_preference) VALUES ('34', 'P034', 'Vodka', '1', '10', '10', '10', ARRAY['https://i.ibb.co/pz2dWyC/cat-high-five.jpg'], 'Vodka is good for health', 'BOXES');
INSERT INTO product (id, code, name, weight, length, width, height, images, description, unit_preference) VALUES ('35', 'P035', 'Rum', '1', '10', '10', '10', ARRAY['https://i.ibb.co/pz2dWyC/cat-high-five.jpg'], 'Rum is good for health', 'BOXES');
INSERT INTO product (id, code, name, weight, length, width, height, images, description, unit_preference) VALUES ('36', 'P036', 'Tequila', '1', '10', '10', '10', ARRAY['https://i.ibb.co/pz2dWyC/cat-high-five.jpg'], 'Tequila is good for health', 'BOXES');

INSERT INTO product_category (product_id, category_id) VALUES ('1', '1');
INSERT INTO product_category (product_id, category_id) VALUES ('2', '1');
INSERT INTO product_category (product_id, category_id) VALUES ('3', '1');
INSERT INTO product_category (product_id, category_id) VALUES ('4', '1');
INSERT INTO product_category (product_id, category_id) VALUES ('5', '1');
INSERT INTO product_category (product_id, category_id) VALUES ('6', '1');
INSERT INTO product_category (product_id, category_id) VALUES ('7', '1');
INSERT INTO product_category (product_id, category_id) VALUES ('8', '1');
INSERT INTO product_category (product_id, category_id) VALUES ('9', '2');
INSERT INTO product_category (product_id, category_id) VALUES ('10', '2');
INSERT INTO product_category (product_id, category_id) VALUES ('11', '2');
INSERT INTO product_category (product_id, category_id) VALUES ('12', '2');
INSERT INTO product_category (product_id, category_id) VALUES ('13', '2');
INSERT INTO product_category (product_id, category_id) VALUES ('14', '4');
INSERT INTO product_category (product_id, category_id) VALUES ('15', '4');
INSERT INTO product_category (product_id, category_id) VALUES ('16', '3');
INSERT INTO product_category (product_id, category_id) VALUES ('17', '3');
INSERT INTO product_category (product_id, category_id) VALUES ('18', '3');
INSERT INTO product_category (product_id, category_id) VALUES ('19', '4');
INSERT INTO product_category (product_id, category_id) VALUES ('20', '4');
INSERT INTO product_category (product_id, category_id) VALUES ('21', '7');
INSERT INTO product_category (product_id, category_id) VALUES ('22', '6');
INSERT INTO product_category (product_id, category_id) VALUES ('23', '6');
INSERT INTO product_category (product_id, category_id) VALUES ('24', '6');
INSERT INTO product_category (product_id, category_id) VALUES ('25', '6');
INSERT INTO product_category (product_id, category_id) VALUES ('26', '5');
INSERT INTO product_category (product_id, category_id) VALUES ('27', '5');
INSERT INTO product_category (product_id, category_id) VALUES ('28', '5');
INSERT INTO product_category (product_id, category_id) VALUES ('29', '5');
INSERT INTO product_category (product_id, category_id) VALUES ('30', '5');
INSERT INTO product_category (product_id, category_id) VALUES ('31', '8');
INSERT INTO product_category (product_id, category_id) VALUES ('32', '8');
INSERT INTO product_category (product_id, category_id) VALUES ('33', '8');
INSERT INTO product_category (product_id, category_id) VALUES ('34', '8');
INSERT INTO product_category (product_id, category_id) VALUES ('35', '8');
INSERT INTO product_category (product_id, category_id) VALUES ('36', '8');